"country","continent","lifeExp","pop","gdpPercap"
"Afghanistan","Asia",43.828,31889923,974.5803384
"Albania","Europe",76.423,3600523,5937.029526
"Algeria","Africa",72.301,33333216,6223.367465
"Angola","Africa",42.731,12420476,4797.231267
"Argentina","Americas",75.32,40301927,12779.37964
"Australia","Oceania",81.235,20434176,34435.36744
"Austria","Europe",79.829,8199783,36126.4927
"Bahrain","Asia",75.635,708573,29796.04834